timestamp,evento,key,latencia_ms,fuente,consulta_id,retry_count
2026-06-03T23:36:56.818170,RETRY,Q1:Z3,0.4048347473144531,retry,Q1-Z3-1780529816229-9875,1
2026-06-03T23:36:56.870517,MISS,Q1:Z3:conf=0.59,44.20161247253418,generador_respuestas,,0
2026-06-03T23:36:56.881501,MISS,Q1:Z3,68.75848770141602,generador_respuestas,Q1-Z3-1780529816229-9875,1
2026-06-03T23:36:57.351585,RETRY,Q5:Z2,0.8072853088378906,retry,Q5-Z2-1780529816494-5777,1
2026-06-03T23:36:57.383272,MISS,Q5:Z2:conf=0.82,27.71282196044922,generador_respuestas,,0
2026-06-03T23:36:57.394487,MISS,Q5:Z2,44.82412338256836,generador_respuestas,Q5-Z2-1780529816494-5777,1
2026-06-03T23:36:57.861187,RETRY,Q2:Z5,0.1010894775390625,retry,Q2-Z5-1780529816612-9562,1
2026-06-03T23:36:57.874341,MISS,Q2:Z5:conf=0.32,10.705709457397461,generador_respuestas,,0
2026-06-03T23:36:57.879463,MISS,Q2:Z5,18.17798614501953,generador_respuestas,Q2-Z5-1780529816612-9562,1
2026-06-03T23:36:58.370281,RETRY,Q1:Z4,0.07534027099609375,retry,Q1-Z4-1780529816376-3632,1
2026-06-03T23:36:58.388246,MISS,Q1:Z4:conf=0.67,9.802103042602539,generador_respuestas,,0
2026-06-03T23:36:58.393181,MISS,Q1:Z4,18.506765365600586,generador_respuestas,Q1-Z4-1780529816376-3632,1
2026-06-03T23:36:58.876176,RETRY,Q5:Z2,0.04553794860839844,retry,Q5-Z2-1780529816725-671,1
2026-06-03T23:36:58.889568,MISS,Q5:Z2:conf=0.72,11.348485946655273,generador_respuestas,,0
2026-06-03T23:36:58.895797,MISS,Q5:Z2,19.312620162963867,generador_respuestas,Q5-Z2-1780529816725-671,1
2026-06-03T23:36:59.387520,RETRY,Q1:Z4,0.041484832763671875,retry,Q1-Z4-1780529816839-3400,1
2026-06-03T23:36:59.398476,MISS,Q1:Z4:conf=0.38,6.886482238769531,generador_respuestas,,0
2026-06-03T23:36:59.402252,MISS,Q1:Z4,13.875007629394531,generador_respuestas,Q1-Z4-1780529816839-3400,1
2026-06-03T23:36:59.902587,RETRY,Q3:Z5,0.01239776611328125,retry,Q3-Z5-1780529817073-5373,1
2026-06-03T23:36:59.942868,MISS,Q3:Z5:conf=0.21,36.95416450500488,generador_respuestas,,0
2026-06-03T23:36:59.956805,MISS,Q3:Z5,53.88283729553223,generador_respuestas,Q3-Z5-1780529817073-5373,1
2026-06-03T23:36:59.965954,MISS,Q3:Z3:conf=0.41,46.03075981140137,generador_respuestas,,0
2026-06-03T23:36:59.983723,MISS,Q3:Z3,69.98085975646973,generador_respuestas,Q3-Z3-1780529817189-8983,0
2026-06-03T23:37:00.501665,RETRY,Q4:Z1,0.13828277587890625,retry,Q4-Z1-1780529818099-7886,1
2026-06-03T23:37:00.530470,MISS,Q4:Z1:conf=0.49,25.17557144165039,generador_respuestas,,0
2026-06-03T23:37:00.540486,MISS,Q4:Z1,37.943124771118164,generador_respuestas,Q4-Z1-1780529818099-7886,1
2026-06-03T23:37:01.016775,RETRY,Q3:Z1,0.03504753112792969,retry,Q3-Z1-1780529818324-6693,1
2026-06-03T23:37:01.074660,MISS,Q5:Z1:conf=0.23,43.22457313537598,generador_respuestas,,0
2026-06-03T23:37:01.084221,MISS,Q3:Z1:conf=0.68,52.90937423706055,generador_respuestas,,0
2026-06-03T23:37:01.092980,MISS,Q5:Z1,68.58062744140625,generador_respuestas,Q5-Z1-1780529818775-2939,0
2026-06-03T23:37:01.094595,MISS,Q3:Z1,75.04725456237793,generador_respuestas,Q3-Z1-1780529818324-6693,1
2026-06-03T23:37:01.612246,RETRY,Q2:Z3,0.061511993408203125,retry,Q2-Z3-1780529816956-898,1
2026-06-03T23:37:01.640909,MISS,Q2:Z3:conf=0.67,24.712800979614258,generador_respuestas,,0
2026-06-03T23:37:01.655268,MISS,Q2:Z3,44.63052749633789,generador_respuestas,Q2-Z3-1780529816956-898,1
2026-06-03T23:37:02.126683,RETRY,Q2:Z2,0.04458427429199219,retry,Q2-Z2-1780529817986-9763,1
2026-06-03T23:37:02.147603,MISS,Q2:Z2:conf=0.39,16.30568504333496,generador_respuestas,,0
2026-06-03T23:37:02.158717,MISS,Q2:Z2,30.237913131713867,generador_respuestas,Q2-Z2-1780529817986-9763,1
2026-06-03T23:37:02.633956,RETRY,Q5:Z1,0.04100799560546875,retry,Q5-Z1-1780529818437-4725,1
2026-06-03T23:37:02.649616,MISS,Q5:Z1:conf=0.46,13.439178466796875,generador_respuestas,,0
2026-06-03T23:37:02.653101,MISS,Q2:Z4:conf=0.55,13.295173645019531,generador_respuestas,,0
2026-06-03T23:37:02.656319,MISS,Q5:Z1,21.921873092651367,generador_respuestas,Q5-Z1-1780529818437-4725,1
2026-06-03T23:37:02.657570,MISS,Q2:Z4,21.09551429748535,generador_respuestas,Q2-Z4-1780529817305-7791,0
2026-06-03T23:37:02.669474,MISS,Q2:Z2:conf=0.6,7.20524787902832,generador_respuestas,,0
2026-06-03T23:37:02.673732,MISS,Q2:Z2,13.23080062866211,generador_respuestas,Q2-Z2-1780529817423-1716,0
2026-06-03T23:37:03.182248,RETRY,Q3:Z1,0.017881393432617188,retry,Q3-Z1-1780529817535-7165,1
2026-06-03T23:37:03.195151,MISS,Q3:Z1:conf=0.02,9.592294692993164,generador_respuestas,,0
2026-06-03T23:37:03.199948,MISS,Q3:Z1,16.44134521484375,generador_respuestas,Q3-Z1-1780529817535-7165,1
2026-06-03T23:37:03.690761,RETRY,Q3:Z5,0.026702880859375,retry,Q3-Z5-1780529817648-257,1
2026-06-03T23:37:03.719791,MISS,Q3:Z5:conf=0.25,23.777246475219727,generador_respuestas,,0
2026-06-03T23:37:03.736835,MISS,Q3:Z5,42.671918869018555,generador_respuestas,Q3-Z5-1780529817648-257,1
2026-06-03T23:37:04.208792,RETRY,Q3:Z2,0.07724761962890625,retry,Q3-Z2-1780529817761-4007,1
2026-06-03T23:37:04.251093,MISS,Q3:Z2:conf=0.1,35.491943359375,generador_respuestas,,0
2026-06-03T23:37:04.266892,MISS,Q3:Z2,60.553550720214844,generador_respuestas,Q3-Z2-1780529817761-4007,1
2026-06-03T23:37:04.728155,RETRY,Q3:Z3,0.02956390380859375,retry,Q3-Z3-1780529817873-9762,1
2026-06-03T23:37:04.774915,MISS,Q3:Z3:conf=0.4,34.50822830200195,generador_respuestas,,0
2026-06-03T23:37:04.789551,MISS,Q3:Z3,59.07273292541504,generador_respuestas,Q3-Z3-1780529817873-9762,1
2026-06-03T23:37:05.247073,RETRY,Q5:Z3,0.037670135498046875,retry,Q5-Z3-1780529818212-4862,1
2026-06-03T23:37:05.307891,MISS,Q5:Z3:conf=0.78,50.04382133483887,generador_respuestas,,0
2026-06-03T23:37:05.332953,MISS,Q5:Z3,82.69262313842773,generador_respuestas,Q5-Z3-1780529818212-4862,1
2026-06-03T23:37:05.767070,RETRY,Q5:Z4,0.044345855712890625,retry,Q5-Z4-1780529818550-4044,1
2026-06-03T23:37:05.805951,MISS,Q5:Z4:conf=0.24,32.344818115234375,generador_respuestas,,0
2026-06-03T23:37:05.825781,MISS,Q5:Z4,54.71348762512207,generador_respuestas,Q5-Z4-1780529818550-4044,1
2026-06-03T23:37:06.281158,RETRY,Q3:Z1,0.03147125244140625,retry,Q3-Z1-1780529818662-223,1
2026-06-03T23:37:06.324133,MISS,Q3:Z1:conf=0.7,31.46982192993164,generador_respuestas,,0
2026-06-03T23:37:06.344573,MISS,Q3:Z1,59.31830406188965,generador_respuestas,Q3-Z1-1780529818662-223,1
2026-06-03T23:37:06.375494,MISS,Q5:Z4:conf=0.22,44.90208625793457,generador_respuestas,,0
2026-06-03T23:37:06.398245,MISS,Q5:Z4,73.3795166015625,generador_respuestas,Q5-Z4-1780529819225-9628,0
2026-06-03T23:37:06.434689,MISS,Q1:Z1:conf=0.78,20.75052261352539,generador_respuestas,,0
2026-06-03T23:37:06.449792,MISS,Q1:Z1,41.25094413757324,generador_respuestas,Q1-Z1-1780529819338-9471,0
2026-06-03T23:37:06.490622,MISS,Q4:Z1:conf=0.6,27.85491943359375,generador_respuestas,,0
2026-06-03T23:37:06.498911,MISS,Q4:Z1,41.2745475769043,generador_respuestas,Q4-Z1-1780529819910-3133,0
2026-06-03T23:37:06.535494,MISS,Q4:Z2:conf=0.24,24.97076988220215,generador_respuestas,,0
2026-06-03T23:37:06.545786,MISS,Q4:Z2,40.755271911621094,generador_respuestas,Q4-Z2-1780529820026-2992,0
2026-06-03T23:37:06.578725,MISS,Q4:Z3:conf=0.53,23.71835708618164,generador_respuestas,,0
2026-06-03T23:37:06.586533,MISS,Q4:Z3,35.10093688964844,generador_respuestas,Q4-Z3-1780529820258-9845,0
2026-06-03T23:37:06.615424,MISS,Q4:Z3:conf=0.69,19.871950149536133,generador_respuestas,,0
2026-06-03T23:37:06.631194,MISS,Q4:Z3,34.80029106140137,generador_respuestas,Q4-Z3-1780529820373-6481,0
2026-06-03T23:37:07.138652,RETRY,Q4:Z1,0.04696846008300781,retry,Q4-Z1-1780529820719-1007,1
2026-06-03T23:37:07.151132,MISS,Q4:Z1:conf=0.23,10.37144660949707,generador_respuestas,,0
2026-06-03T23:37:07.154794,MISS,Q4:Z1,15.916824340820312,generador_respuestas,Q4-Z1-1780529820719-1007,1
2026-06-03T23:37:07.645585,RETRY,Q4:Z1,0.011444091796875,retry,Q4-Z1-1780529820835-3080,1
2026-06-03T23:37:07.663786,MISS,Q4:Z1:conf=0.52,15.356063842773438,generador_respuestas,,0
2026-06-03T23:37:07.667734,MISS,Q4:Z1,21.90876007080078,generador_respuestas,Q4-Z1-1780529820835-3080,1
2026-06-03T23:37:08.161445,RETRY,Q1:Z1,0.011205673217773438,retry,Q1-Z1-1780529822451-4145,1
2026-06-03T23:37:08.184435,MISS,Q1:Z1:conf=0.26,19.100427627563477,generador_respuestas,,0
2026-06-03T23:37:08.195332,MISS,Q1:Z1,36.22317314147949,generador_respuestas,Q1-Z1-1780529822451-4145,1
2026-06-03T23:37:08.683265,RETRY,Q3:Z1,0.03695487976074219,retry,Q3-Z1-1780529822567-489,1
2026-06-03T23:37:08.719274,MISS,Q3:Z1:conf=0.78,30.318260192871094,generador_respuestas,,0
2026-06-03T23:37:08.736990,MISS,Q3:Z1,53.240299224853516,generador_respuestas,Q3-Z1-1780529822567-489,1
2026-06-03T23:37:09.193378,RETRY,Q1:Z3,0.034809112548828125,retry,Q1-Z3-1780529823242-2409,1
2026-06-03T23:37:09.210707,MISS,Q1:Z3:conf=0.87,13.060569763183594,generador_respuestas,,0
2026-06-03T23:37:09.214015,MISS,Q1:Z2:conf=0.81,11.714935302734375,generador_respuestas,,0
2026-06-03T23:37:09.217356,MISS,Q1:Z3,23.478984832763672,generador_respuestas,Q1-Z3-1780529823242-2409,1
2026-06-03T23:37:09.220062,MISS,Q1:Z2,21.821260452270508,generador_respuestas,Q1-Z2-1780529824039-7693,0
2026-06-03T23:37:09.744736,RETRY,Q5:Z1,0.027179718017578125,retry,Q5-Z1-1780529824155-874,1
2026-06-03T23:37:09.782738,MISS,Q5:Z1:conf=0.17,34.61337089538574,generador_respuestas,,0
2026-06-03T23:37:09.792736,MISS,Q5:Z1,50.77624320983887,generador_respuestas,Q5-Z1-1780529824155-874,1
2026-06-03T23:37:10.259586,RETRY,Q4:Z1,1.3780593872070312,retry,Q4-Z1-1780529824620-3767,1
2026-06-03T23:37:10.281130,MISS,Q4:Z1:conf=0.85,18.581867218017578,generador_respuestas,,0
2026-06-03T23:37:10.286760,MISS,Q4:Z1,27.095794677734375,generador_respuestas,Q4-Z1-1780529824620-3767,1
2026-06-03T23:37:10.287596,MISS,Q2:Z2:conf=0.22,20.344257354736328,generador_respuestas,,0
2026-06-03T23:37:10.294606,MISS,Q2:Z2,30.699491500854492,generador_respuestas,Q2-Z2-1780529825198-9951,0
2026-06-03T23:37:10.805437,RETRY,Q5:Z3,0.0247955322265625,retry,Q5-Z3-1780529825431-1897,1
2026-06-03T23:37:10.953878,MISS,Q5:Z3:conf=0.0,143.585205078125,generador_respuestas,,0
2026-06-03T23:37:10.976162,MISS,Q4:Z2:conf=0.22,155.59744834899902,generador_respuestas,,0
2026-06-03T23:37:10.991697,MISS,Q4:Z2,178.78413200378418,generador_respuestas,Q4-Z2-1780529825546-4832,0
2026-06-03T23:37:10.998341,MISS,Q5:Z3,189.6522045135498,generador_respuestas,Q5-Z3-1780529825431-1897,1
2026-06-03T23:37:11.012143,MISS,Q1:Z2:conf=0.58,11.897563934326172,generador_respuestas,,0
2026-06-03T23:37:11.018875,MISS,Q1:Z2,21.712541580200195,generador_respuestas,Q1-Z2-1780529825661-1851,0
2026-06-03T23:37:11.037902,MISS,Q4:Z3:conf=0.56,13.72838020324707,generador_respuestas,,0
2026-06-03T23:37:11.042357,MISS,Q4:Z3,19.87147331237793,generador_respuestas,Q4-Z3-1780529825892-2052,0
2026-06-03T23:37:11.549082,RETRY,Q2:Z4,0.03814697265625,retry,Q2-Z4-1780529826124-9287,1
2026-06-03T23:37:11.567546,MISS,Q2:Z4:conf=0.85,15.390157699584961,generador_respuestas,,0
2026-06-03T23:37:11.573053,MISS,Q2:Z4,23.93817901611328,generador_respuestas,Q2-Z4-1780529826124-9287,1
2026-06-03T23:37:11.579032,MISS,Q5:Z1:conf=0.42,20.35379409790039,generador_respuestas,,0
2026-06-03T23:37:11.588867,MISS,Q5:Z1,35.07208824157715,generador_respuestas,Q5-Z1-1780529819112-2579,0
2026-06-03T23:37:12.095923,RETRY,Q1:Z4,0.02002716064453125,retry,Q1-Z4-1780529819565-2425,1
2026-06-03T23:37:12.109342,MISS,Q1:Z4:conf=0.29,8.025169372558594,generador_respuestas,,0
2026-06-03T23:37:12.113621,MISS,Q1:Z4,16.94488525390625,generador_respuestas,Q1-Z4-1780529819565-2425,1
2026-06-03T23:37:12.611134,RETRY,Q5:Z1,0.012636184692382812,retry,Q5-Z1-1780529819680-8907,1
2026-06-03T23:37:12.620498,HIT,Q5:Z1:conf=0.42,2.7506351470947266,cache,,0
2026-06-03T23:37:12.632868,HIT,Q5:Z1,22.886991500854492,cache,Q5-Z1-1780529819680-8907,1
2026-06-03T23:37:13.136783,RETRY,Q2:Z2,0.04982948303222656,retry,Q2-Z2-1780529820604-6178,1
2026-06-03T23:37:13.169263,MISS,Q2:Z2:conf=0.79,26.668310165405273,generador_respuestas,,0
2026-06-03T23:37:13.185951,MISS,Q2:Z2,54.48770523071289,generador_respuestas,Q2-Z2-1780529820604-6178,1
2026-06-03T23:37:13.659964,RETRY,Q2:Z2,0.6172657012939453,retry,Q2-Z2-1780529820951-6463,1
2026-06-03T23:37:13.692497,MISS,Q2:Z2:conf=0.08,25.94590187072754,generador_respuestas,,0
2026-06-03T23:37:13.720109,MISS,Q2:Z2,54.88157272338867,generador_respuestas,Q2-Z2-1780529820951-6463,1
2026-06-03T23:37:13.732484,MISS,Q5:Z1:conf=0.8,59.043169021606445,generador_respuestas,,0
2026-06-03T23:37:13.759044,MISS,Q5:Z1,90.64078330993652,generador_respuestas,Q5-Z1-1780529821066-7443,0
2026-06-03T23:37:14.282541,RETRY,Q2:Z5,0.06031990051269531,retry,Q2-Z5-1780529821991-1819,1
2026-06-03T23:37:14.313934,MISS,Q2:Z5:conf=0.65,25.08401870727539,generador_respuestas,,0
2026-06-03T23:37:14.338538,MISS,Q2:Z5,52.70648002624512,generador_respuestas,Q2-Z5-1780529821991-1819,1
2026-06-03T23:37:14.340907,MISS,Q4:Z2:conf=0.17,40.79556465148926,generador_respuestas,,0
2026-06-03T23:37:14.353050,MISS,Q4:Z2,63.6138916015625,generador_respuestas,Q4-Z2-1780529822338-4261,0
2026-06-03T23:37:14.869568,RETRY,Q1:Z3,0.04458427429199219,retry,Q1-Z3-1780529822680-3582,1
2026-06-03T23:37:14.897314,MISS,Q1:Z3:conf=0.42,22.114276885986328,generador_respuestas,,0
2026-06-03T23:37:14.911597,MISS,Q1:Z3,42.8929328918457,generador_respuestas,Q1-Z3-1780529822680-3582,1
2026-06-03T23:37:15.379951,RETRY,Q4:Z1,0.0667572021484375,retry,Q4-Z1-1780529823017-2108,1
2026-06-03T23:37:15.402554,MISS,Q3:Z2:conf=0.57,15.798568725585938,generador_respuestas,,0
2026-06-03T23:37:15.406213,MISS,Q4:Z1:conf=0.78,19.959211349487305,generador_respuestas,,0
2026-06-03T23:37:15.416654,MISS,Q4:Z1,34.873247146606445,generador_respuestas,Q4-Z1-1780529823017-2108,1
2026-06-03T23:37:15.417353,MISS,Q3:Z2,30.8072566986084,generador_respuestas,Q3-Z2-1780529823129-6277,0
2026-06-03T23:37:15.923681,RETRY,Q1:Z1,0.6189346313476562,retry,Q1-Z1-1780529823354-8824,1
2026-06-03T23:37:15.932127,MISS,Q1:Z1:conf=0.61,5.911111831665039,generador_respuestas,,0
2026-06-03T23:37:15.936512,MISS,Q1:Z1,11.894464492797852,generador_respuestas,Q1-Z1-1780529823354-8824,1
2026-06-03T23:37:16.450390,RETRY,Q4:Z5,0.012159347534179688,retry,Q4-Z5-1780529823466-3485,1
2026-06-03T23:37:16.507371,MISS,Q4:Z5:conf=0.68,52.92463302612305,generador_respuestas,,0
2026-06-03T23:37:16.519486,MISS,Q4:Z5,73.24624061584473,generador_respuestas,Q4-Z5-1780529823466-3485,1
2026-06-03T23:37:16.529298,MISS,Q5:Z2:conf=0.27,62.52622604370117,generador_respuestas,,0
2026-06-03T23:37:16.547747,MISS,Q5:Z2,85.7698917388916,generador_respuestas,Q5-Z2-1780529823579-4494,0
2026-06-03T23:37:17.069690,RETRY,Q5:Z3,0.064849853515625,retry,Q5-Z3-1780529823692-6570,1
2026-06-03T23:37:17.131956,MISS,Q5:Z3:conf=0.12,53.30157279968262,generador_respuestas,,0
2026-06-03T23:37:17.157183,MISS,Q5:Z3,86.22097969055176,generador_respuestas,Q5-Z3-1780529823692-6570,1
2026-06-03T23:37:17.589968,RETRY,Q1:Z1,0.07414817810058594,retry,Q1-Z1-1780529823923-1798,1
2026-06-03T23:37:17.617597,MISS,Q1:Z1:conf=0.3,24.69182014465332,generador_respuestas,,0
2026-06-03T23:37:17.631473,MISS,Q1:Z1,44.47054862976074,generador_respuestas,Q1-Z1-1780529823923-1798,1
2026-06-03T23:37:18.113486,RETRY,Q4:Z1,0.039577484130859375,retry,Q4-Z1-1780529824736-1360,1
2026-06-03T23:37:18.163139,MISS,Q4:Z1:conf=0.08,42.142391204833984,generador_respuestas,,0
2026-06-03T23:37:18.172392,MISS,Q3:Z1:conf=0.46,42.795419692993164,generador_respuestas,,0
2026-06-03T23:37:18.176645,MISS,Q4:Z1,64.36753273010254,generador_respuestas,Q4-Z1-1780529824736-1360,1
2026-06-03T23:37:18.190752,MISS,Q3:Z1,67.62170791625977,generador_respuestas,Q3-Z1-1780529824852-9205,0
2026-06-03T23:37:18.703319,RETRY,Q5:Z3,0.058650970458984375,retry,Q5-Z3-1780529825777-4487,1
2026-06-03T23:37:18.775365,MISS,Q5:Z3:conf=0.43,65.23323059082031,generador_respuestas,,0
2026-06-03T23:37:18.802296,MISS,Q5:Z3,97.01991081237793,generador_respuestas,Q5-Z3-1780529825777-4487,1
2026-06-03T23:37:19.221262,RETRY,Q3:Z2,0.03504753112792969,retry,Q3-Z2-1780529818887-6794,1
2026-06-03T23:37:19.269908,MISS,Q3:Z2:conf=0.62,37.00542449951172,generador_respuestas,,0
2026-06-03T23:37:19.285716,MISS,Q3:Z2,63.36021423339844,generador_respuestas,Q3-Z2-1780529818887-6794,1
2026-06-03T23:37:19.728746,RETRY,Q1:Z2,0.031232833862304688,retry,Q1-Z2-1780529819000-1156,1
2026-06-03T23:37:19.736744,MISS,Q1:Z2:conf=0.85,5.994319915771484,generador_respuestas,,0
2026-06-03T23:37:19.740858,MISS,Q1:Z2,11.525630950927734,generador_respuestas,Q1-Z2-1780529819000-1156,1
2026-06-03T23:37:20.234389,RETRY,Q1:Z2,0.012874603271484375,retry,Q1-Z2-1780529819451-6853,1
2026-06-03T23:37:20.242706,MISS,Q1:Z2:conf=0.34,6.412982940673828,generador_respuestas,,0
2026-06-03T23:37:20.246824,MISS,Q1:Z2,12.596607208251953,generador_respuestas,Q1-Z2-1780529819451-6853,1
2026-06-03T23:37:20.748655,RETRY,Q5:Z2,0.026226043701171875,retry,Q5-Z2-1780529819795-6383,1
2026-06-03T23:37:20.805158,MISS,Q5:Z2:conf=0.58,43.427467346191406,generador_respuestas,,0
2026-06-03T23:37:20.822461,MISS,Q1:Z1:conf=0.77,46.391963958740234,generador_respuestas,,0
2026-06-03T23:37:20.835468,MISS,Q1:Z1,78.12738418579102,generador_respuestas,Q1-Z1-1780529820143-7940,0
2026-06-03T23:37:20.839426,MISS,Q5:Z2,89.71405029296875,generador_respuestas,Q5-Z2-1780529819795-6383,1
2026-06-03T23:37:20.873709,MISS,Q2:Z4:conf=0.15,23.05293083190918,generador_respuestas,,0
2026-06-03T23:37:20.885481,MISS,Q2:Z4,42.71697998046875,generador_respuestas,Q2-Z4-1780529820488-1127,0
2026-06-03T23:37:21.401496,RETRY,Q5:Z5,0.04506111145019531,retry,Q5-Z5-1780529821182-5287,1
2026-06-03T23:37:21.462432,MISS,Q2:Z5:conf=0.18,45.59063911437988,generador_respuestas,,0
2026-06-03T23:37:21.488353,MISS,Q2:Z5,74.80883598327637,generador_respuestas,Q2-Z5-1780529821297-2976,0
2026-06-03T23:37:21.490928,MISS,Q5:Z5:conf=0.48,72.19171524047852,generador_respuestas,,0
2026-06-03T23:37:21.523030,MISS,Q5:Z5,118.93200874328613,generador_respuestas,Q5-Z5-1780529821182-5287,1
2026-06-03T23:37:21.541348,MISS,Q2:Z1:conf=0.72,25.183677673339844,generador_respuestas,,0
2026-06-03T23:37:21.557294,MISS,Q2:Z1,53.466796875,generador_respuestas,Q2-Z1-1780529821412-2768,0
2026-06-03T23:37:21.582001,MISS,Q1:Z4:conf=0.4,12.119054794311523,generador_respuestas,,0
2026-06-03T23:37:21.589796,MISS,Q1:Z4,25.780439376831055,generador_respuestas,Q1-Z4-1780529821527-1644,0
2026-06-03T23:37:22.096151,RETRY,Q3:Z1,0.032901763916015625,retry,Q3-Z1-1780529821643-2015,1
2026-06-03T23:37:22.111707,MISS,Q2:Z3:conf=0.8,10.510444641113281,generador_respuestas,,0
2026-06-03T23:37:22.114495,MISS,Q3:Z1:conf=0.87,14.406681060791016,generador_respuestas,,0
2026-06-03T23:37:22.116849,MISS,Q2:Z3,17.43316650390625,generador_respuestas,Q2-Z3-1780529821759-4945,0
2026-06-03T23:37:22.120271,MISS,Q3:Z1,23.55051040649414,generador_respuestas,Q3-Z1-1780529821643-2015,1
2026-06-03T23:37:22.629350,RETRY,Q3:Z2,0.027894973754882812,retry,Q3-Z2-1780529821874-8568,1
2026-06-03T23:37:22.674528,MISS,Q3:Z2:conf=0.65,34.02423858642578,generador_respuestas,,0
2026-06-03T23:37:22.686962,MISS,Q3:Z2,55.8319091796875,generador_respuestas,Q3-Z2-1780529821874-8568,1
2026-06-03T23:37:23.142847,RETRY,Q2:Z4,0.029802322387695312,retry,Q2-Z4-1780529822106-4573,1
2026-06-03T23:37:23.277934,MISS,Q2:Z4:conf=0.32,25.996685028076172,generador_respuestas,,0
2026-06-03T23:37:23.290991,MISS,Q2:Z4,44.8918342590332,generador_respuestas,Q2-Z4-1780529822106-4573,1
2026-06-03T23:37:23.651619,RETRY,Q2:Z3,0.02002716064453125,retry,Q2-Z3-1780529822221-3483,1
2026-06-03T23:37:23.674296,MISS,Q2:Z3:conf=0.86,14.707326889038086,generador_respuestas,,0
2026-06-03T23:37:23.687342,MISS,Q3:Z2:conf=0.13,25.840282440185547,generador_respuestas,,0
2026-06-03T23:37:23.690176,MISS,Q2:Z3,30.16209602355957,generador_respuestas,Q2-Z3-1780529822221-3483,1
2026-06-03T23:37:23.695339,MISS,Q3:Z2,39.59083557128906,generador_respuestas,Q3-Z2-1780529822792-2206,0
2026-06-03T23:37:23.708155,MISS,Q2:Z5:conf=0.21,7.623910903930664,generador_respuestas,,0
2026-06-03T23:37:23.713821,MISS,Q2:Z5,14.671087265014648,generador_respuestas,Q2-Z5-1780529822905-6444,0
2026-06-03T23:37:24.218813,RETRY,Q2:Z1,0.024080276489257812,retry,Q2-Z1-1780529823807-6942,1
2026-06-03T23:37:24.228524,MISS,Q2:Z1:conf=0.6,8.08262825012207,generador_respuestas,,0
2026-06-03T23:37:24.233166,MISS,Q2:Z1,13.637304306030273,generador_respuestas,Q2-Z1-1780529823807-6942,1
2026-06-03T23:37:24.724358,RETRY,Q1:Z1,0.024557113647460938,retry,Q1-Z1-1780529824272-3207,1
2026-06-03T23:37:24.736255,MISS,Q1:Z1:conf=0.15,9.137153625488281,generador_respuestas,,0
2026-06-03T23:37:24.742785,MISS,Q1:Z1,17.676115036010742,generador_respuestas,Q1-Z1-1780529824272-3207,1
2026-06-03T23:37:24.751984,MISS,Q4:Z3:conf=0.6,19.080162048339844,generador_respuestas,,0
2026-06-03T23:37:24.772170,MISS,Q4:Z3,34.7905158996582,generador_respuestas,Q4-Z3-1780529824388-9715,0
2026-06-03T23:37:25.291208,RETRY,Q2:Z2,0.06413459777832031,retry,Q2-Z2-1780529824505-4207,1
2026-06-03T23:37:25.342339,MISS,Q2:Z4:conf=0.37,35.53438186645508,generador_respuestas,,0
2026-06-03T23:37:25.341639,MISS,Q2:Z2:conf=0.13,39.052724838256836,generador_respuestas,,0
2026-06-03T23:37:25.354223,MISS,Q2:Z2,63.13037872314453,generador_respuestas,Q2-Z2-1780529824505-4207,1
2026-06-03T23:37:25.355816,MISS,Q2:Z4,57.60908126831055,generador_respuestas,Q2-Z4-1780529824967-6596,0
2026-06-03T23:37:25.379453,MISS,Q5:Z4:conf=0.75,16.867399215698242,generador_respuestas,,0
2026-06-03T23:37:25.387300,MISS,Q5:Z4,27.417898178100586,generador_respuestas,Q5-Z4-1780529825083-1127,0
2026-06-03T23:37:25.896927,RETRY,Q5:Z2,0.19693374633789062,retry,Q5-Z2-1780529825313-9258,1
2026-06-03T23:37:25.944641,MISS,Q5:Z2:conf=0.45,40.47560691833496,generador_respuestas,,0
2026-06-03T23:37:25.969029,MISS,Q5:Z2,69.65327262878418,generador_respuestas,Q5-Z2-1780529825313-9258,1
2026-06-03T23:37:26.416264,RETRY,Q3:Z1,0.02288818359375,retry,Q3-Z1-1780529826007-6145,1
2026-06-03T23:37:26.487329,MISS,Q5:Z2:conf=0.31,56.12063407897949,generador_respuestas,,0
2026-06-03T23:37:26.488983,MISS,Q3:Z1:conf=0.14,62.92366981506348,generador_respuestas,,0
2026-06-03T23:37:26.511649,MISS,Q3:Z1,94.72274780273438,generador_respuestas,Q3-Z1-1780529826007-6145,1
2026-06-03T23:37:26.514830,MISS,Q5:Z2,87.13340759277344,generador_respuestas,Q5-Z2-1780529826240-4258,0
2026-06-03T23:37:27.060337,RETRY,Q3:Z4,0.08678436279296875,retry,Q3-Z4-1780529826354-5452,1
2026-06-03T23:37:27.089645,MISS,Q3:Z4:conf=0.67,24.470806121826172,generador_respuestas,,0
2026-06-03T23:37:27.104650,MISS,Q3:Z4,42.43779182434082,generador_respuestas,Q3-Z4-1780529826354-5452,1
2026-06-03T23:37:27.574419,RETRY,Q4:Z1,0.03981590270996094,retry,Q4-Z1-1780529826585-1845,1
2026-06-03T23:37:27.583997,HIT,Q4:Z1:conf=0.08,1.3453960418701172,cache,,0
2026-06-03T23:37:27.598171,HIT,Q4:Z1,21.79694175720215,cache,Q4-Z1-1780529826585-1845,1
2026-06-03T23:37:28.085308,RETRY,Q1:Z3,0.028848648071289062,retry,Q1-Z3-1780529826700-6276,1
2026-06-03T23:37:28.108692,MISS,Q1:Z3:conf=0.74,15.488147735595703,generador_respuestas,,0
2026-06-03T23:37:28.111351,MISS,Q1:Z3:conf=0.04,19.90652084350586,generador_respuestas,,0
2026-06-03T23:37:28.115774,MISS,Q1:Z3,25.446653366088867,generador_respuestas,Q1-Z3-1780529826927-5311,0
2026-06-03T23:37:28.116746,MISS,Q1:Z3,31.508922576904297,generador_respuestas,Q1-Z3-1780529826700-6276,1
2026-06-03T23:37:28.620989,RETRY,Q5:Z3,0.025272369384765625,retry,Q5-Z3-1780529827151-7642,1
2026-06-03T23:37:28.634660,MISS,Q5:Z3:conf=0.8,12.218236923217773,generador_respuestas,,0
2026-06-03T23:37:28.641014,MISS,Q5:Z3,19.949674606323242,generador_respuestas,Q5-Z3-1780529827151-7642,1
2026-06-03T23:37:29.132716,RETRY,Q4:Z4,0.014066696166992188,retry,Q4-Z4-1780529827938-5278,1
2026-06-03T23:37:29.195203,MISS,Q2:Z1:conf=0.02,45.52817344665527,generador_respuestas,,0
2026-06-03T23:37:29.203664,MISS,Q4:Z4:conf=0.64,58.93826484680176,generador_respuestas,,0
2026-06-03T23:37:29.210639,MISS,Q2:Z1,68.88246536254883,generador_respuestas,Q2-Z1-1780529828977-9484,0
2026-06-03T23:37:29.215440,MISS,Q4:Z4,82.74984359741211,generador_respuestas,Q4-Z4-1780529827938-5278,1
2026-06-03T23:37:29.726802,RETRY,Q1:Z1,0.05817413330078125,retry,Q1-Z1-1780529829093-3062,1
2026-06-03T23:37:29.755435,MISS,Q1:Z1:conf=0.1,20.260095596313477,generador_respuestas,,0
2026-06-03T23:37:29.766913,MISS,Q1:Z1,41.37158393859863,generador_respuestas,Q1-Z1-1780529829093-3062,1
2026-06-03T23:37:30.237114,RETRY,Q2:Z3,0.030279159545898438,retry,Q2-Z3-1780529829206-3642,1
2026-06-03T23:37:30.243125,HIT,Q2:Z3:conf=0.86,1.0733604431152344,cache,,0
2026-06-03T23:37:30.256397,HIT,Q2:Z3,16.62302017211914,cache,Q2-Z3-1780529829206-3642,1
2026-06-03T23:37:30.271484,MISS,Q2:Z1:conf=0.22,23.711681365966797,generador_respuestas,,0
2026-06-03T23:37:30.286430,MISS,Q2:Z1,41.793107986450195,generador_respuestas,Q2-Z1-1780529829781-4736,0
2026-06-03T23:37:30.320186,MISS,Q1:Z5:conf=0.48,20.30205726623535,generador_respuestas,,0
2026-06-03T23:37:30.334426,MISS,Q1:Z5,37.86969184875488,generador_respuestas,Q1-Z5-1780529829893-6852,0
2026-06-03T23:37:30.359866,MISS,Q1:Z5:conf=0.39,16.284942626953125,generador_respuestas,,0
2026-06-03T23:37:30.369547,MISS,Q1:Z5,28.450489044189453,generador_respuestas,Q1-Z5-1780529830005-5940,0
2026-06-03T23:37:30.885980,RETRY,Q5:Z4,0.040531158447265625,retry,Q5-Z4-1780529830118-150,1
2026-06-03T23:37:30.929967,MISS,Q5:Z4:conf=0.5,41.91732406616211,generador_respuestas,,0
2026-06-03T23:37:30.949986,MISS,Q5:Z4,65.86885452270508,generador_respuestas,Q5-Z4-1780529830118-150,1
2026-06-03T23:37:31.397189,RETRY,Q2:Z1,0.08559226989746094,retry,Q2-Z1-1780529830680-3015,1
2026-06-03T23:37:31.419097,MISS,Q2:Z1:conf=0.73,17.081022262573242,generador_respuestas,,0
2026-06-03T23:37:31.429481,MISS,Q2:Z1,31.69846534729004,generador_respuestas,Q2-Z1-1780529830680-3015,1
2026-06-03T23:37:31.908221,RETRY,Q5:Z2,0.03743171691894531,retry,Q5-Z2-1780529831026-1716,1
2026-06-03T23:37:31.944509,MISS,Q5:Z2:conf=0.33,31.621932983398438,generador_respuestas,,0
2026-06-03T23:37:31.960885,MISS,Q5:Z2,52.083730697631836,generador_respuestas,Q5-Z2-1780529831026-1716,1
2026-06-03T23:37:32.414649,RETRY,Q2:Z1,0.04410743713378906,retry,Q2-Z1-1780529831251-1350,1
2026-06-03T23:37:32.423895,MISS,Q2:Z1:conf=0.09,7.276058197021484,generador_respuestas,,0
2026-06-03T23:37:32.427896,MISS,Q2:Z1,13.15164566040039,generador_respuestas,Q2-Z1-1780529831251-1350,1
2026-06-03T23:37:32.919802,RETRY,Q5:Z1,0.015497207641601562,retry,Q5-Z1-1780529831363-56,1
2026-06-03T23:37:32.936498,MISS,Q5:Z1:conf=0.1,14.439821243286133,generador_respuestas,,0
2026-06-03T23:37:32.943623,MISS,Q5:Z1,23.791790008544922,generador_respuestas,Q5-Z1-1780529831363-56,1
2026-06-03T23:37:33.428001,RETRY,Q5:Z1,0.017881393432617188,retry,Q5-Z1-1780529831587-5458,1
2026-06-03T23:37:33.458341,MISS,Q5:Z1:conf=0.09,26.02076530456543,generador_respuestas,,0
2026-06-03T23:37:33.475856,MISS,Q5:Z1,47.277212142944336,generador_respuestas,Q5-Z1-1780529831587-5458,1
2026-06-03T23:37:33.934606,RETRY,Q5:Z2,0.032901763916015625,retry,Q5-Z2-1780529831710-804,1
2026-06-03T23:37:33.951413,MISS,Q5:Z2:conf=0.39,14.054298400878906,generador_respuestas,,0
2026-06-03T23:37:33.960564,MISS,Q5:Z2,25.28834342956543,generador_respuestas,Q5-Z2-1780529831710-804,1
2026-06-03T23:37:34.443211,RETRY,Q1:Z3,0.012874603271484375,retry,Q1-Z3-1780529831822-3922,1
2026-06-03T23:37:34.460827,MISS,Q1:Z3:conf=0.17,13.727426528930664,generador_respuestas,,0
2026-06-03T23:37:34.468523,MISS,Q1:Z3,24.964332580566406,generador_respuestas,Q1-Z3-1780529831822-3922,1
2026-06-03T23:37:34.953489,RETRY,Q1:Z2,0.022649765014648438,retry,Q1-Z2-1780529832387-3237,1
2026-06-03T23:37:34.971682,MISS,Q1:Z2:conf=0.36,13.185739517211914,generador_respuestas,,0
2026-06-03T23:37:34.979760,MISS,Q1:Z2,26.173114776611328,generador_respuestas,Q1-Z2-1780529832387-3237,1
2026-06-03T23:37:35.463013,RETRY,Q1:Z3,0.02384185791015625,retry,Q1-Z3-1780529832501-7561,1
2026-06-03T23:37:35.482925,MISS,Q1:Z3:conf=0.72,15.305519104003906,generador_respuestas,,0
2026-06-03T23:37:35.491776,MISS,Q1:Z3,27.79388427734375,generador_respuestas,Q1-Z3-1780529832501-7561,1
2026-06-03T23:37:35.973752,RETRY,Q1:Z1,0.03910064697265625,retry,Q1-Z1-1780529833649-1983,1
2026-06-03T23:37:35.993658,MISS,Q1:Z1:conf=0.19,15.489816665649414,generador_respuestas,,0
2026-06-03T23:37:36.002613,MISS,Q1:Z1,28.50174903869629,generador_respuestas,Q1-Z1-1780529833649-1983,1
2026-06-03T23:37:36.480211,RETRY,Q5:Z3,0.042438507080078125,retry,Q5-Z3-1780529833880-4750,1
2026-06-03T23:37:36.496705,MISS,Q5:Z3:conf=0.26,14.838457107543945,generador_respuestas,,0
2026-06-03T23:37:36.503813,MISS,Q5:Z3,23.1170654296875,generador_respuestas,Q5-Z3-1780529833880-4750,1
2026-06-03T23:37:36.985650,RETRY,Q2:Z4,0.01621246337890625,retry,Q2-Z4-1780529834225-5943,1
2026-06-03T23:37:36.994489,MISS,Q2:Z4:conf=0.27,6.754875183105469,generador_respuestas,,0
2026-06-03T23:37:36.999720,MISS,Q2:Z4,13.811349868774414,generador_respuestas,Q2-Z4-1780529834225-5943,1
2026-06-03T23:37:37.494977,RETRY,Q1:Z3,0.026226043701171875,retry,Q1-Z3-1780529834455-1608,1
2026-06-03T23:37:37.513845,MISS,Q1:Z3:conf=0.86,14.452219009399414,generador_respuestas,,0
2026-06-03T23:37:37.522842,MISS,Q1:Z3,27.225494384765625,generador_respuestas,Q1-Z3-1780529834455-1608,1
2026-06-03T23:37:38.005270,RETRY,Q3:Z3,0.025272369384765625,retry,Q3-Z3-1780529834799-5291,1
2026-06-03T23:37:38.054158,MISS,Q3:Z2:conf=0.37,37.10055351257324,generador_respuestas,,0
2026-06-03T23:37:38.056342,MISS,Q3:Z3:conf=0.34,44.489383697509766,generador_respuestas,,0
2026-06-03T23:37:38.065494,MISS,Q3:Z2,53.81178855895996,generador_respuestas,Q3-Z2-1780529834915-7151,0
2026-06-03T23:37:38.068901,MISS,Q3:Z3,62.792301177978516,generador_respuestas,Q3-Z3-1780529834799-5291,1
2026-06-03T23:37:38.576968,RETRY,Q4:Z1,0.0476837158203125,retry,Q4-Z1-1780529835373-6642,1
2026-06-03T23:37:38.611803,MISS,Q4:Z1:conf=0.63,29.949665069580078,generador_respuestas,,0
2026-06-03T23:37:38.621283,MISS,Q4:Z1,44.22163963317871,generador_respuestas,Q4-Z1-1780529835373-6642,1
2026-06-03T23:37:39.089805,RETRY,Q2:Z1,0.0514984130859375,retry,Q2-Z1-1780529835598-4506,1
2026-06-03T23:37:39.113848,MISS,Q2:Z1:conf=0.63,19.306421279907227,generador_respuestas,,0
2026-06-03T23:37:39.124132,MISS,Q2:Z1,33.97703170776367,generador_respuestas,Q2-Z1-1780529835598-4506,1
2026-06-03T23:37:39.600992,RETRY,Q4:Z4,0.028371810913085938,retry,Q4-Z4-1780529835711-5164,1
2026-06-03T23:37:39.633318,MISS,Q4:Z4:conf=0.76,27.283191680908203,generador_respuestas,,0
2026-06-03T23:37:39.642350,MISS,Q4:Z4,40.90738296508789,generador_respuestas,Q4-Z4-1780529835711-5164,1
2026-06-03T23:37:40.113054,RETRY,Q3:Z1,0.02384185791015625,retry,Q3-Z1-1780529835935-2518,1
2026-06-03T23:37:40.143279,MISS,Q3:Z1:conf=0.6,25.328874588012695,generador_respuestas,,0
2026-06-03T23:37:40.154143,MISS,Q3:Z1,40.82608222961426,generador_respuestas,Q3-Z1-1780529835935-2518,1
2026-06-03T23:37:40.620015,RETRY,Q1:Z1,0.028371810913085938,retry,Q1-Z1-1780529836160-5438,1
2026-06-03T23:37:40.622316,HIT,Q1:Z1:conf=0.1,0.3936290740966797,cache,,0
2026-06-03T23:37:40.626709,HIT,Q1:Z1,6.298065185546875,cache,Q1-Z1-1780529836160-5438,1
2026-06-03T23:37:41.124894,RETRY,Q4:Z2,0.015497207641601562,retry,Q4-Z2-1780529836498-8998,1
2026-06-03T23:37:41.136052,MISS,Q4:Z2:conf=0.82,9.353876113891602,generador_respuestas,,0
2026-06-03T23:37:41.139697,MISS,Q4:Z2,14.695882797241211,generador_respuestas,Q4-Z2-1780529836498-8998,1
2026-06-03T23:37:41.633533,RETRY,Q4:Z2,0.0133514404296875,retry,Q4-Z2-1780529836962-7021,1
2026-06-03T23:37:41.659993,MISS,Q4:Z2:conf=0.61,22.365093231201172,generador_respuestas,,0
2026-06-03T23:37:41.668172,MISS,Q4:Z2,34.227609634399414,generador_respuestas,Q4-Z2-1780529836962-7021,1
2026-06-03T23:37:42.144879,RETRY,Q3:Z3,0.030517578125,retry,Q3-Z3-1780529837193-296,1
2026-06-03T23:37:42.170598,MISS,Q3:Z3:conf=0.28,22.211313247680664,generador_respuestas,,0
2026-06-03T23:37:42.179980,MISS,Q3:Z3,35.5074405670166,generador_respuestas,Q3-Z3-1780529837193-296,1
2026-06-03T23:37:42.655980,RETRY,Q3:Z5,0.046253204345703125,retry,Q3-Z5-1780529837536-4819,1
2026-06-03T23:37:42.779921,MISS,Q3:Z5:conf=0.24,18.675804138183594,generador_respuestas,,0
2026-06-03T23:37:42.790215,MISS,Q3:Z5,32.27972984313965,generador_respuestas,Q3-Z5-1780529837536-4819,1
2026-06-03T23:37:43.167283,RETRY,Q3:Z5,0.022411346435546875,retry,Q3-Z5-1780529837651-298,1
2026-06-03T23:37:43.195395,MISS,Q3:Z5:conf=0.78,23.346424102783203,generador_respuestas,,0
2026-06-03T23:37:43.205738,MISS,Q3:Z5,38.00845146179199,generador_respuestas,Q3-Z5-1780529837651-298,1
2026-06-03T23:37:43.680668,RETRY,Q1:Z1,0.04029273986816406,retry,Q1-Z1-1780529837766-5051,1
2026-06-03T23:37:43.687089,HIT,Q1:Z1:conf=0.19,1.0328292846679688,cache,,0
2026-06-03T23:37:43.698350,HIT,Q1:Z1,17.477035522460938,cache,Q1-Z1-1780529837766-5051,1
2026-06-03T23:37:43.721294,MISS,Q4:Z4:conf=0.42,29.374361038208008,generador_respuestas,,0
2026-06-03T23:37:43.730579,MISS,Q4:Z4,43.28608512878418,generador_respuestas,Q4-Z4-1780529837881-7830,0
2026-06-03T23:37:44.243261,RETRY,Q3:Z5,0.04410743713378906,retry,Q3-Z5-1780529838457-6715,1
2026-06-03T23:37:44.282920,MISS,Q3:Z5:conf=0.4,34.09552574157715,generador_respuestas,,0
2026-06-03T23:37:44.296429,MISS,Q3:Z1:conf=0.75,39.85714912414551,generador_respuestas,,0
2026-06-03T23:37:44.297910,MISS,Q3:Z5,54.09955978393555,generador_respuestas,Q3-Z5-1780529838457-6715,1
2026-06-03T23:37:44.309119,MISS,Q3:Z1,58.40349197387695,generador_respuestas,Q3-Z1-1780529838571-1192,0
2026-06-03T23:37:44.337535,MISS,Q2:Z1:conf=0.41,17.8225040435791,generador_respuestas,,0
2026-06-03T23:37:44.348796,MISS,Q2:Z1,33.124446868896484,generador_respuestas,Q2-Z1-1780529838687-9626,0
2026-06-03T23:37:44.855475,RETRY,Q5:Z5,0.050067901611328125,retry,Q5-Z5-1780529838802-3559,1
2026-06-03T23:37:44.869992,MISS,Q5:Z5:conf=0.02,12.712955474853516,generador_respuestas,,0
2026-06-03T23:37:44.877465,MISS,Q5:Z5,21.7740535736084,generador_respuestas,Q5-Z5-1780529838802-3559,1
2026-06-03T23:37:45.361043,RETRY,Q3:Z1,0.015735626220703125,retry,Q3-Z1-1780529838917-7954,1
2026-06-03T23:37:45.377597,MISS,Q3:Z1:conf=0.4,12.850284576416016,generador_respuestas,,0
2026-06-03T23:37:45.384264,MISS,Q3:Z1,21.66152000427246,generador_respuestas,Q3-Z1-1780529838917-7954,1
2026-06-03T23:37:45.867255,RETRY,Q1:Z2,0.016927719116210938,retry,Q1-Z2-1780529840277-9778,1
2026-06-03T23:37:45.878396,MISS,Q1:Z2:conf=0.32,8.299112319946289,generador_respuestas,,0
2026-06-03T23:37:45.883224,MISS,Q1:Z2,15.788078308105469,generador_respuestas,Q1-Z2-1780529840277-9778,1
2026-06-03T23:37:46.376825,RETRY,Q1:Z1,0.015020370483398438,retry,Q1-Z1-1780529840390-825,1
2026-06-03T23:37:46.399601,MISS,Q1:Z1:conf=0.59,17.454147338867188,generador_respuestas,,0
2026-06-03T23:37:46.411272,MISS,Q1:Z1,33.00762176513672,generador_respuestas,Q1-Z1-1780529840390-825,1
2026-06-03T23:37:46.415187,MISS,Q3:Z4:conf=0.3,27.39405632019043,generador_respuestas,,0
2026-06-03T23:37:46.426031,MISS,Q3:Z4,41.90826416015625,generador_respuestas,Q3-Z4-1780529840502-2656,0
2026-06-03T23:37:46.936091,RETRY,Q5:Z5,0.05030632019042969,retry,Q5-Z5-1780529841203-733,1
2026-06-03T23:37:46.966663,MISS,Q5:Z5:conf=0.39,26.276588439941406,generador_respuestas,,0
2026-06-03T23:37:46.980792,MISS,Q5:Z5,43.787240982055664,generador_respuestas,Q5-Z5-1780529841203-733,1
2026-06-03T23:37:47.446388,RETRY,Q4:Z1,0.0247955322265625,retry,Q4-Z1-1780529841886-8329,1
2026-06-03T23:37:47.476639,MISS,Q2:Z5:conf=0.79,19.982576370239258,generador_respuestas,,0
2026-06-03T23:37:47.488953,MISS,Q2:Z5,34.76881980895996,generador_respuestas,Q2-Z5-1780529841999-3239,0
2026-06-03T23:37:47.490129,MISS,Q4:Z1:conf=0.34,37.63246536254883,generador_respuestas,,0
2026-06-03T23:37:47.501542,MISS,Q4:Z1,54.51488494873047,generador_respuestas,Q4-Z1-1780529841886-8329,1
2026-06-03T23:37:47.526885,MISS,Q4:Z4:conf=0.2,25.302886962890625,generador_respuestas,,0
2026-06-03T23:37:47.535875,MISS,Q4:Z4,39.034128189086914,generador_respuestas,Q4-Z4-1780529843020-2522,0
2026-06-03T23:37:48.046214,RETRY,Q4:Z5,0.04935264587402344,retry,Q4-Z5-1780529843251-4253,1
2026-06-03T23:37:48.077110,MISS,Q4:Z5:conf=0.18,26.301860809326172,generador_respuestas,,0
2026-06-03T23:37:48.086323,MISS,Q4:Z5,39.62874412536621,generador_respuestas,Q4-Z5-1780529843251-4253,1
2026-06-03T23:37:48.556996,RETRY,Q3:Z4,0.048160552978515625,retry,Q3-Z4-1780529843368-5115,1
2026-06-03T23:37:48.594542,MISS,Q3:Z4:conf=0.29,31.893253326416016,generador_respuestas,,0
2026-06-03T23:37:48.607503,MISS,Q4:Z4:conf=0.39,37.84584999084473,generador_respuestas,,0
2026-06-03T23:37:48.610429,MISS,Q3:Z4,49.884796142578125,generador_respuestas,Q3-Z4-1780529843368-5115,1
2026-06-03T23:37:48.618971,MISS,Q4:Z4,53.84182929992676,generador_respuestas,Q4-Z4-1780529843712-6731,0
2026-06-03T23:37:48.648246,MISS,Q2:Z1:conf=0.61,18.149375915527344,generador_respuestas,,0
2026-06-03T23:37:48.659185,MISS,Q2:Z1,33.20932388305664,generador_respuestas,Q2-Z1-1780529843938-5534,0
2026-06-03T23:37:49.165542,RETRY,Q3:Z3,0.052928924560546875,retry,Q3-Z3-1780529844837-7522,1
2026-06-03T23:37:49.180615,MISS,Q1:Z3:conf=0.19,9.66787338256836,generador_respuestas,,0
2026-06-03T23:37:49.180948,MISS,Q3:Z3:conf=0.47,13.070106506347656,generador_respuestas,,0
2026-06-03T23:37:49.186543,MISS,Q3:Z3,20.63751220703125,generador_respuestas,Q3-Z3-1780529844837-7522,1
2026-06-03T23:37:49.187032,MISS,Q1:Z3,18.244266510009766,generador_respuestas,Q1-Z3-1780529845761-8634,0
2026-06-03T23:37:49.691954,RETRY,Q5:Z4,0.0324249267578125,retry,Q5-Z4-1780529846221-6268,1
2026-06-03T23:37:49.705464,MISS,Q5:Z4:conf=0.3,10.755538940429688,generador_respuestas,,0
2026-06-03T23:37:49.712507,MISS,Q5:Z4,19.119977951049805,generador_respuestas,Q5-Z4-1780529846221-6268,1
2026-06-03T23:37:50.200446,RETRY,Q4:Z3,0.01430511474609375,retry,Q4-Z3-1780529846336-3090,1
2026-06-03T23:37:50.230418,MISS,Q2:Z3:conf=0.69,20.331382751464844,generador_respuestas,,0
2026-06-03T23:37:50.242359,MISS,Q4:Z3:conf=0.33,36.9715690612793,generador_respuestas,,0
2026-06-03T23:37:50.243551,MISS,Q2:Z3,35.36081314086914,generador_respuestas,Q2-Z3-1780529826470-1259,0
2026-06-03T23:37:50.253044,MISS,Q4:Z3,51.790714263916016,generador_respuestas,Q4-Z3-1780529846336-3090,1
2026-06-03T23:37:50.755384,RETRY,Q1:Z2,0.04744529724121094,retry,Q1-Z2-1780529826814-1135,1
2026-06-03T23:37:50.774340,MISS,Q1:Z2:conf=0.75,14.325380325317383,generador_respuestas,,0
2026-06-03T23:37:50.783270,MISS,Q1:Z2,27.25672721862793,generador_respuestas,Q1-Z2-1780529826814-1135,1
2026-06-03T23:37:51.266046,RETRY,Q2:Z1,0.023603439331054688,retry,Q2-Z1-1780529827376-1946,1
2026-06-03T23:37:51.301699,MISS,Q2:Z1:conf=0.38,28.346776962280273,generador_respuestas,,0
2026-06-03T23:37:51.310343,MISS,Q3:Z4:conf=0.87,34.0113639831543,generador_respuestas,,0
2026-06-03T23:37:51.312952,MISS,Q2:Z1,45.43590545654297,generador_respuestas,Q2-Z1-1780529827376-1946,1
2026-06-03T23:37:51.321106,MISS,Q3:Z4,48.40087890625,generador_respuestas,Q3-Z4-1780529827600-2807,0
2026-06-03T23:37:51.831807,RETRY,Q4:Z4,0.0457763671875,retry,Q4-Z4-1780529827713-8108,1
2026-06-03T23:37:51.861323,MISS,Q4:Z4:conf=0.71,24.69635009765625,generador_respuestas,,0
2026-06-03T23:37:51.870700,MISS,Q4:Z4,38.305044174194336,generador_respuestas,Q4-Z4-1780529827713-8108,1
2026-06-03T23:37:52.342659,RETRY,Q4:Z5,0.04267692565917969,retry,Q4-Z5-1780529828053-9957,1
2026-06-03T23:37:52.349065,HIT,Q4:Z5:conf=0.18,1.1453628540039062,cache,,0
2026-06-03T23:37:52.358066,HIT,Q4:Z5,14.961719512939453,cache,Q4-Z5-1780529828053-9957,1
2026-06-03T23:37:52.853254,RETRY,Q2:Z1,0.043392181396484375,retry,Q2-Z1-1780529828170-3857,1
2026-06-03T23:37:52.874702,MISS,Q2:Z1:conf=0.4,17.389535903930664,generador_respuestas,,0
2026-06-03T23:37:52.886459,MISS,Q2:Z1,31.965255737304688,generador_respuestas,Q2-Z1-1780529828170-3857,1
2026-06-03T23:37:53.359739,RETRY,Q1:Z5,0.04601478576660156,retry,Q1-Z5-1780529828285-9164,1
2026-06-03T23:37:53.367269,MISS,Q1:Z5:conf=0.45,5.462884902954102,generador_respuestas,,0
2026-06-03T23:37:53.370818,MISS,Q1:Z5,11.046886444091797,generador_respuestas,Q1-Z5-1780529828285-9164,1
2026-06-03T23:37:53.866011,RETRY,Q2:Z3,0.030517578125,retry,Q2-Z3-1780529828400-4937,1
2026-06-03T23:37:53.885215,MISS,Q2:Z3:conf=0.84,14.935970306396484,generador_respuestas,,0
2026-06-03T23:37:53.894014,MISS,Q2:Z2:conf=0.16,20.144939422607422,generador_respuestas,,0
2026-06-03T23:37:53.896023,MISS,Q2:Z3,28.66387367248535,generador_respuestas,Q2-Z3-1780529828400-4937,1
2026-06-03T23:37:53.904223,MISS,Q2:Z2,32.88674354553223,generador_respuestas,Q2-Z2-1780529828515-7711,0
2026-06-03T23:37:54.414649,RETRY,Q5:Z1,0.03981590270996094,retry,Q5-Z1-1780529828630-2015,1
2026-06-03T23:37:54.446328,MISS,Q5:Z1:conf=0.24,26.15070343017578,generador_respuestas,,0
2026-06-03T23:37:54.461151,MISS,Q5:Z1,46.44489288330078,generador_respuestas,Q5-Z1-1780529828630-2015,1
2026-06-03T23:37:54.924463,RETRY,Q3:Z4,0.03600120544433594,retry,Q3-Z4-1780529829320-4818,1
2026-06-03T23:37:54.944485,MISS,Q3:Z4:conf=0.62,16.606807708740234,generador_respuestas,,0
2026-06-03T23:37:54.952711,MISS,Q3:Z4,28.17392349243164,generador_respuestas,Q3-Z4-1780529829320-4818,1
2026-06-03T23:37:55.434758,RETRY,Q2:Z1,0.0629425048828125,retry,Q2-Z1-1780529829550-2527,1
2026-06-03T23:37:55.455710,MISS,Q2:Z1:conf=0.81,16.327381134033203,generador_respuestas,,0
2026-06-03T23:37:55.465827,MISS,Q2:Z1,30.652999877929688,generador_respuestas,Q2-Z1-1780529829550-2527,1
2026-06-03T23:37:55.945829,RETRY,Q1:Z3,0.023126602172851562,retry,Q1-Z3-1780529830343-1827,1
2026-06-03T23:37:55.966615,MISS,Q1:Z3:conf=0.39,16.317129135131836,generador_respuestas,,0
2026-06-03T23:37:55.975547,MISS,Q1:Z3,29.330015182495117,generador_respuestas,Q1-Z3-1780529830343-1827,1
2026-06-03T23:37:56.456542,RETRY,Q3:Z2,0.027418136596679688,retry,Q3-Z2-1780529830567-1173,1
2026-06-03T23:37:56.484361,MISS,Q3:Z2:conf=0.51,21.610260009765625,generador_respuestas,,0
2026-06-03T23:37:56.495641,MISS,Q3:Z2,36.81182861328125,generador_respuestas,Q3-Z2-1780529830567-1173,1
2026-06-03T23:37:56.967696,RETRY,Q3:Z1,0.035762786865234375,retry,Q3-Z1-1780529831475-4116,1
2026-06-03T23:37:56.996095,MISS,Q3:Z1:conf=0.84,22.45187759399414,generador_respuestas,,0
2026-06-03T23:37:57.010096,MISS,Q3:Z1,40.43936729431152,generador_respuestas,Q3-Z1-1780529831475-4116,1
2026-06-03T23:37:57.474265,RETRY,Q5:Z3,0.03528594970703125,retry,Q5-Z3-1780529832271-1960,1
2026-06-03T23:37:57.497580,MISS,Q5:Z3:conf=0.56,19.16646957397461,generador_respuestas,,0
2026-06-03T23:37:57.505461,MISS,Q5:Z3,29.82807159423828,generador_respuestas,Q5-Z3-1780529832271-1960,1
2026-06-03T23:37:57.979392,RETRY,Q1:Z2,0.02193450927734375,retry,Q1-Z2-1780529832616-9454,1
2026-06-03T23:37:57.987162,MISS,Q1:Z2:conf=0.73,5.818605422973633,generador_respuestas,,0
2026-06-03T23:37:57.990732,MISS,Q1:Z2,11.346817016601562,generador_respuestas,Q1-Z2-1780529832616-9454,1
2026-06-03T23:37:58.488698,RETRY,Q5:Z4,0.028133392333984375,retry,Q5-Z4-1780529832959-2828,1
2026-06-03T23:37:58.523212,MISS,Q5:Z4:conf=0.1,28.86343002319336,generador_respuestas,,0
2026-06-03T23:37:58.537767,MISS,Q5:Z4,47.538042068481445,generador_respuestas,Q5-Z4-1780529832959-2828,1
2026-06-03T23:37:58.999777,RETRY,Q1:Z4,0.03695487976074219,retry,Q1-Z4-1780529833189-4501,1
2026-06-03T23:37:59.018771,MISS,Q1:Z4:conf=0.21,14.456748962402344,generador_respuestas,,0
2026-06-03T23:37:59.027804,MISS,Q1:Z4,27.40621566772461,generador_respuestas,Q1-Z4-1780529833189-4501,1
2026-06-03T23:37:59.511502,RETRY,Q4:Z1,0.025510787963867188,retry,Q4-Z1-1780529833419-3518,1
2026-06-03T23:37:59.544083,MISS,Q4:Z1:conf=0.21,27.82416343688965,generador_respuestas,,0
2026-06-03T23:37:59.553130,MISS,Q4:Z1,41.81027412414551,generador_respuestas,Q4-Z1-1780529833419-3518,1
2026-06-03T23:38:00.022794,RETRY,Q5:Z1,0.03337860107421875,retry,Q5-Z1-1780529833534-1409,1
2026-06-03T23:38:00.055135,MISS,Q5:Z1:conf=0.01,27.858495712280273,generador_respuestas,,0
2026-06-03T23:38:00.070743,MISS,Q5:Z1,47.64437675476074,generador_respuestas,Q5-Z1-1780529833534-1409,1
2026-06-03T23:38:00.534039,RETRY,Q5:Z2,0.054836273193359375,retry,Q5-Z2-1780529834110-7885,1
2026-06-03T23:38:00.570143,MISS,Q5:Z2:conf=0.34,30.880212783813477,generador_respuestas,,0
2026-06-03T23:38:00.585869,MISS,Q5:Z2,51.26500129699707,generador_respuestas,Q5-Z2-1780529834110-7885,1
2026-06-03T23:38:01.046196,RETRY,Q4:Z5,0.026702880859375,retry,Q4-Z5-1780529834569-6547,1
2026-06-03T23:38:01.079046,MISS,Q4:Z5:conf=0.4,27.374744415283203,generador_respuestas,,0
2026-06-03T23:38:01.089087,MISS,Q4:Z5,42.49978065490723,generador_respuestas,Q4-Z5-1780529834569-6547,1
2026-06-03T23:38:01.552851,RETRY,Q1:Z1,0.03886222839355469,retry,Q1-Z1-1780529835029-4476,1
2026-06-03T23:38:01.560506,MISS,Q1:Z1:conf=0.24,5.7659149169921875,generador_respuestas,,0
2026-06-03T23:38:01.563886,MISS,Q1:Z1,10.96343994140625,generador_respuestas,Q1-Z1-1780529835029-4476,1
2026-06-03T23:38:02.057704,RETRY,Q1:Z4,0.01430511474609375,retry,Q1-Z4-1780529835146-5734,1
2026-06-03T23:38:02.064913,MISS,Q1:Z4:conf=0.75,5.752086639404297,generador_respuestas,,0
2026-06-03T23:38:02.068674,MISS,Q1:Z4,10.951995849609375,generador_respuestas,Q1-Z4-1780529835146-5734,1
2026-06-03T23:38:02.567113,RETRY,Q1:Z4,0.0133514404296875,retry,Q1-Z4-1780529835486-3475,1
2026-06-03T23:38:02.585864,MISS,Q1:Z4:conf=0.84,14.580726623535156,generador_respuestas,,0
2026-06-03T23:38:02.594817,MISS,Q1:Z4,27.2674560546875,generador_respuestas,Q1-Z4-1780529835486-3475,1
2026-06-03T23:38:03.079242,RETRY,Q3:Z3,0.03933906555175781,retry,Q3-Z3-1780529836048-6746,1
2026-06-03T23:38:03.091977,HIT,Q3:Z1:conf=0.7,1.2764930725097656,cache,,0
2026-06-03T23:38:03.103335,HIT,Q3:Z1,17.08507537841797,cache,Q3-Z1-1780529836272-3388,0
2026-06-03T23:38:03.110606,MISS,Q3:Z3:conf=0.57,26.75938606262207,generador_respuestas,,0
2026-06-03T23:38:03.121207,MISS,Q3:Z3,42.124032974243164,generador_respuestas,Q3-Z3-1780529836048-6746,1
2026-06-03T23:38:03.615608,RETRY,Q2:Z2,0.048160552978515625,retry,Q2-Z2-1780529836615-3996,1
2026-06-03T23:38:03.640023,MISS,Q2:Z2:conf=0.28,19.407987594604492,generador_respuestas,,0
2026-06-03T23:38:03.651001,MISS,Q2:Z2,35.46285629272461,generador_respuestas,Q2-Z2-1780529836615-3996,1
2026-06-03T23:38:04.126986,RETRY,Q2:Z2,0.031948089599609375,retry,Q2-Z2-1780529836731-8753,1
2026-06-03T23:38:04.150315,MISS,Q2:Z2:conf=0.43,18.390655517578125,generador_respuestas,,0
2026-06-03T23:38:04.160467,MISS,Q2:Z2,33.39028358459473,generador_respuestas,Q2-Z2-1780529836731-8753,1
2026-06-03T23:38:04.639613,RETRY,Q1:Z1,0.041961669921875,retry,Q1-Z1-1780529836847-535,1
2026-06-03T23:38:04.663334,MISS,Q1:Z1:conf=0.65,17.578840255737305,generador_respuestas,,0
2026-06-03T23:38:04.673141,MISS,Q1:Z1,33.45751762390137,generador_respuestas,Q1-Z1-1780529836847-535,1
2026-06-03T23:38:05.151526,RETRY,Q1:Z3,0.028848648071289062,retry,Q1-Z3-1780529838111-3708,1
2026-06-03T23:38:05.174423,MISS,Q1:Z3:conf=0.48,17.541885375976562,generador_respuestas,,0
2026-06-03T23:38:05.184262,MISS,Q1:Z3,31.908035278320312,generador_respuestas,Q1-Z3-1780529838111-3708,1
2026-06-03T23:38:05.658003,RETRY,Q4:Z2,0.051021575927734375,retry,Q4-Z2-1780529838227-4611,1
2026-06-03T23:38:05.670008,MISS,Q4:Z2:conf=0.29,10.376930236816406,generador_respuestas,,0
2026-06-03T23:38:05.673716,MISS,Q4:Z2,15.577316284179688,generador_respuestas,Q4-Z2-1780529838227-4611,1
2026-06-03T23:38:06.162954,RETRY,Q3:Z1,0.013828277587890625,retry,Q3-Z1-1780529839033-5344,1
2026-06-03T23:38:06.173296,MISS,Q3:Z1:conf=0.52,8.854389190673828,generador_respuestas,,0
2026-06-03T23:38:06.177952,MISS,Q3:Z1,14.852762222290039,generador_respuestas,Q3-Z1-1780529839033-5344,1
2026-06-03T23:38:06.672291,RETRY,Q2:Z3,0.01621246337890625,retry,Q2-Z3-1780529839147-5289,1
2026-06-03T23:38:06.676989,HIT,Q2:Z3:conf=0.84,1.0271072387695312,cache,,0
2026-06-03T23:38:06.686070,HIT,Q2:Z3,13.538599014282227,cache,Q2-Z3-1780529839147-5289,1
2026-06-03T23:38:07.182374,RETRY,Q5:Z4,0.032901763916015625,retry,Q5-Z4-1780529839263-6107,1
2026-06-03T23:38:07.188951,HIT,Q5:Z4:conf=0.3,1.7058849334716797,cache,,0
2026-06-03T23:38:07.203727,HIT,Q5:Z4,20.965576171875,cache,Q5-Z4-1780529839263-6107,1
2026-06-03T23:38:07.693019,RETRY,Q4:Z1,0.03695487976074219,retry,Q4-Z1-1780529839492-2095,1
2026-06-03T23:38:07.705320,HIT,Q1:Z1:conf=0.19,0.9396076202392578,cache,,0
2026-06-03T23:38:07.716293,HIT,Q1:Z1,16.18814468383789,cache,Q1-Z1-1780529839605-1972,0
2026-06-03T23:38:07.726532,MISS,Q4:Z1:conf=0.86,26.233673095703125,generador_respuestas,,0
2026-06-03T23:38:07.736779,MISS,Q4:Z1,42.946577072143555,generador_respuestas,Q4-Z1-1780529839492-2095,1
2026-06-03T23:38:07.750247,MISS,Q3:Z3:conf=0.25,23.183107376098633,generador_respuestas,,0
2026-06-03T23:38:07.760394,MISS,Q3:Z3,37.808895111083984,generador_respuestas,Q3-Z3-1780529839717-2833,0
2026-06-03T23:38:07.794453,MISS,Q4:Z2:conf=0.3,23.781776428222656,generador_respuestas,,0
2026-06-03T23:38:07.803687,MISS,Q4:Z2,36.8189811706543,generador_respuestas,Q4-Z2-1780529839829-5689,0
2026-06-03T23:38:08.313583,RETRY,Q4:Z1,0.044345855712890625,retry,Q4-Z1-1780529839941-3957,1
2026-06-03T23:38:08.343111,MISS,Q4:Z1:conf=0.37,25.26688575744629,generador_respuestas,,0
2026-06-03T23:38:08.352072,MISS,Q4:Z1,38.22016716003418,generador_respuestas,Q4-Z1-1780529839941-3957,1
2026-06-03T23:38:08.822396,RETRY,Q3:Z4,0.04029273986816406,retry,Q3-Z4-1780529840053-6012,1
2026-06-03T23:38:08.846587,MISS,Q3:Z4:conf=0.02,19.889116287231445,generador_respuestas,,0
2026-06-03T23:38:08.856842,MISS,Q3:Z4,33.31899642944336,generador_respuestas,Q3-Z4-1780529840053-6012,1
2026-06-03T23:38:09.331662,RETRY,Q5:Z1,0.0362396240234375,retry,Q5-Z1-1780529840853-8629,1
2026-06-03T23:38:09.375707,MISS,Q5:Z1:conf=0.62,37.258148193359375,generador_respuestas,,0
2026-06-03T23:38:09.378050,MISS,Q1:Z5:conf=0.69,33.312082290649414,generador_respuestas,,0
2026-06-03T23:38:09.391972,MISS,Q1:Z5,54.28743362426758,generador_respuestas,Q1-Z5-1780529841546-9129,0
2026-06-03T23:38:09.395699,MISS,Q5:Z1,62.65091896057129,generador_respuestas,Q5-Z1-1780529840853-8629,1
2026-06-03T23:38:09.404027,HIT,Q2:Z5:conf=0.79,1.1403560638427734,cache,,0
2026-06-03T23:38:09.414788,HIT,Q2:Z5,16.070842742919922,cache,Q2-Z5-1780529841774-9542,0
2026-06-03T23:38:09.920991,RETRY,Q1:Z1,0.048160552978515625,retry,Q1-Z1-1780529842111-9206,1
2026-06-03T23:38:09.933802,MISS,Q1:Z1:conf=0.03,10.393142700195312,generador_respuestas,,0
2026-06-03T23:38:09.938441,MISS,Q1:Z1,17.026901245117188,generador_respuestas,Q1-Z1-1780529842111-9206,1
2026-06-03T23:38:09.939769,MISS,Q3:Z1:conf=0.67,13.839244842529297,generador_respuestas,,0
2026-06-03T23:38:09.944762,MISS,Q3:Z1,20.77960968017578,generador_respuestas,Q3-Z1-1780529842336-136,0
2026-06-03T23:38:09.962696,MISS,Q5:Z1:conf=0.73,12.687444686889648,generador_respuestas,,0
2026-06-03T23:38:09.971816,MISS,Q5:Z1,23.615360260009766,generador_respuestas,Q5-Z1-1780529842448-6015,0
2026-06-03T23:38:09.984495,MISS,Q2:Z5:conf=0.51,7.782697677612305,generador_respuestas,,0
2026-06-03T23:38:09.989446,MISS,Q2:Z5,14.551401138305664,generador_respuestas,Q2-Z5-1780529842561-3892,0
2026-06-03T23:38:10.000739,MISS,Q1:Z1:conf=0.04,6.41179084777832,generador_respuestas,,0
2026-06-03T23:38:10.005934,MISS,Q1:Z1,13.14401626586914,generador_respuestas,Q1-Z1-1780529843136-6064,0
2026-06-03T23:38:10.510869,RETRY,Q2:Z5,0.029087066650390625,retry,Q2-Z5-1780529843600-9332,1
2026-06-03T23:38:10.518857,MISS,Q2:Z5:conf=0.5,6.377935409545898,generador_respuestas,,0
2026-06-03T23:38:10.523865,MISS,Q2:Z5,12.317419052124023,generador_respuestas,Q2-Z5-1780529843600-9332,1
2026-06-03T23:38:11.018601,RETRY,Q3:Z2,0.009059906005859375,retry,Q3-Z2-1780529843825-8153,1
2026-06-03T23:38:11.039880,MISS,Q3:Z2:conf=0.49,17.787456512451172,generador_respuestas,,0
2026-06-03T23:38:11.048799,MISS,Q3:Z2,29.842376708984375,generador_respuestas,Q3-Z2-1780529843825-8153,1
2026-06-03T23:38:11.528039,RETRY,Q1:Z1,0.020265579223632812,retry,Q1-Z1-1780529844051-103,1
2026-06-03T23:38:11.547664,MISS,Q1:Z1:conf=0.25,14.017105102539062,generador_respuestas,,0
2026-06-03T23:38:11.555987,MISS,Q1:Z1,27.011632919311523,generador_respuestas,Q1-Z1-1780529844051-103,1
2026-06-03T23:38:12.036253,RETRY,Q5:Z5,0.03647804260253906,retry,Q5-Z5-1780529844724-2887,1
2026-06-03T23:38:12.063997,MISS,Q5:Z5:conf=0.42,23.26679229736328,generador_respuestas,,0
2026-06-03T23:38:12.078153,MISS,Q5:Z5,40.28725624084473,generador_respuestas,Q5-Z5-1780529844724-2887,1
2026-06-03T23:38:12.546286,RETRY,Q5:Z5,0.025272369384765625,retry,Q5-Z5-1780529844951-4514,1
2026-06-03T23:38:12.574770,MISS,Q5:Z5:conf=0.83,23.80657196044922,generador_respuestas,,0
2026-06-03T23:38:12.589740,MISS,Q5:Z5,43.352603912353516,generador_respuestas,Q5-Z5-1780529844951-4514,1
2026-06-03T23:38:13.057104,RETRY,Q4:Z5,0.03552436828613281,retry,Q4-Z5-1780529845067-4094,1
2026-06-03T23:38:13.088818,MISS,Q4:Z5:conf=0.26,26.985645294189453,generador_respuestas,,0
2026-06-03T23:38:13.098990,MISS,Q4:Z5,41.214942932128906,generador_respuestas,Q4-Z5-1780529845067-4094,1
2026-06-03T23:38:13.568699,RETRY,Q5:Z1,0.041484832763671875,retry,Q5-Z1-1780529845646-6850,1
2026-06-03T23:38:13.600317,MISS,Q5:Z1:conf=0.57,27.65631675720215,generador_respuestas,,0
2026-06-03T23:38:13.617511,MISS,Q5:Z1,48.58899116516113,generador_respuestas,Q5-Z1-1780529845646-6850,1
2026-06-03T23:38:14.074505,RETRY,Q5:Z5,0.03743171691894531,retry,Q5-Z5-1780529845876-747,1
2026-06-03T23:38:14.088636,MISS,Q5:Z5:conf=0.03,12.097597122192383,generador_respuestas,,0
2026-06-03T23:38:14.094423,MISS,Q5:Z5,19.901037216186523,generador_respuestas,Q5-Z5-1780529845876-747,1
2026-06-03T23:38:14.579268,RETRY,Q5:Z3,0.011682510375976562,retry,Q5-Z3-1780529845991-5949,1
2026-06-03T23:38:14.596272,MISS,Q5:Z3:conf=0.46,15.540122985839844,generador_respuestas,,0
2026-06-03T23:38:14.602052,MISS,Q5:Z3,22.874832153320312,generador_respuestas,Q5-Z3-1780529845991-5949,1
2026-06-03T23:38:15.088310,RETRY,Q3:Z1,0.012874603271484375,retry,Q3-Z1-1780529846106-6563,1
2026-06-03T23:38:15.116298,MISS,Q3:Z1:conf=0.83,21.80194854736328,generador_respuestas,,0
2026-06-03T23:38:15.126857,MISS,Q3:Z1,37.63628005981445,generador_respuestas,Q3-Z1-1780529846106-6563,1
2026-06-03T23:38:15.600136,RETRY,Q2:Z4,0.04315376281738281,retry,Q2-Z4-1780529827039-6921,1
2026-06-03T23:38:15.620685,MISS,Q2:Z4:conf=0.84,16.611337661743164,generador_respuestas,,0
2026-06-03T23:38:15.631046,MISS,Q2:Z4,30.982255935668945,generador_respuestas,Q2-Z4-1780529827039-6921,1
2026-06-03T23:38:16.111349,RETRY,Q3:Z2,0.027179718017578125,retry,Q3-Z2-1780529827264-269,1
2026-06-03T23:38:16.138100,MISS,Q3:Z2:conf=0.47,22.073745727539062,generador_respuestas,,0
2026-06-03T23:38:16.148127,MISS,Q3:Z2,36.995887756347656,generador_respuestas,Q3-Z2-1780529827264-269,1
2026-06-03T23:38:16.622238,RETRY,Q2:Z4,0.022649765014648438,retry,Q2-Z4-1780529827488-6651,1
2026-06-03T23:38:16.645120,MISS,Q2:Z4:conf=0.82,18.0661678314209,generador_respuestas,,0
2026-06-03T23:38:16.656077,MISS,Q2:Z4,33.27631950378418,generador_respuestas,Q2-Z4-1780529827488-6651,1
2026-06-03T23:38:17.133791,RETRY,Q5:Z5,0.025033950805664062,retry,Q5-Z5-1780529827825-5874,1
2026-06-03T23:38:17.176363,MISS,Q1:Z4:conf=0.27,32.17744827270508,generador_respuestas,,0
2026-06-03T23:38:17.178043,MISS,Q5:Z5:conf=0.72,36.255598068237305,generador_respuestas,,0
2026-06-03T23:38:17.193269,MISS,Q1:Z4,52.097320556640625,generador_respuestas,Q1-Z4-1780529828746-2338,0
2026-06-03T23:38:17.196330,MISS,Q5:Z5,62.52312660217285,generador_respuestas,Q5-Z5-1780529827825-5874,1
2026-06-03T23:38:17.219732,MISS,Q1:Z1:conf=0.51,15.135049819946289,generador_respuestas,,0
2026-06-03T23:38:17.229202,MISS,Q1:Z1,29.4644832611084,generador_respuestas,Q1-Z1-1780529828861-1930,0
2026-06-03T23:38:17.740167,RETRY,Q4:Z1,0.05817413330078125,retry,Q4-Z1-1780529829434-4967,1
2026-06-03T23:38:17.773056,MISS,Q4:Z1:conf=0.06,26.754140853881836,generador_respuestas,,0
2026-06-03T23:38:17.784696,MISS,Q4:Z1,42.44685173034668,generador_respuestas,Q4-Z1-1780529829434-4967,1
2026-06-03T23:38:18.246225,RETRY,Q2:Z1,0.030994415283203125,retry,Q2-Z1-1780529829665-5868,1
2026-06-03T23:38:18.251092,HIT,Q2:Z1:conf=0.38,0.42510032653808594,cache,,0
2026-06-03T23:38:18.256064,HIT,Q2:Z1,6.791830062866211,cache,Q2-Z1-1780529830230-2619,0
2026-06-03T23:38:18.256597,MISS,Q2:Z1:conf=0.19,7.986307144165039,generador_respuestas,,0
2026-06-03T23:38:18.261750,MISS,Q2:Z1,15.067338943481445,generador_respuestas,Q2-Z1-1780529829665-5868,1
2026-06-03T23:38:18.268293,MISS,Q2:Z1:conf=0.78,7.248401641845703,generador_respuestas,,0
2026-06-03T23:38:18.272473,MISS,Q2:Z1,13.366222381591797,generador_respuestas,Q2-Z1-1780529830455-2081,0
2026-06-03T23:38:18.286553,MISS,Q4:Z1:conf=0.57,9.703397750854492,generador_respuestas,,0
2026-06-03T23:38:18.290525,MISS,Q4:Z1,15.380620956420898,generador_respuestas,Q4-Z1-1780529830794-6196,0
2026-06-03T23:38:18.794919,RETRY,Q3:Z3,0.022411346435546875,retry,Q3-Z3-1780529830910-4661,1
2026-06-03T23:38:18.812695,MISS,Q5:Z4:conf=0.16,12.207269668579102,generador_respuestas,,0
2026-06-03T23:38:18.813538,MISS,Q3:Z3:conf=0.64,15.81573486328125,generador_respuestas,,0
2026-06-03T23:38:18.818868,MISS,Q3:Z3,23.43130111694336,generador_respuestas,Q3-Z3-1780529830910-4661,1
2026-06-03T23:38:18.819900,MISS,Q5:Z4,21.83389663696289,generador_respuestas,Q5-Z4-1780529831138-5652,0
2026-06-03T23:38:18.829790,MISS,Q1:Z2:conf=0.87,5.537748336791992,generador_respuestas,,0
2026-06-03T23:38:18.833701,MISS,Q1:Z2,10.954141616821289,generador_respuestas,Q1-Z2-1780529831934-548,0
2026-06-03T23:38:18.844547,MISS,Q1:Z1:conf=0.9,6.277799606323242,generador_respuestas,,0
2026-06-03T23:38:18.849753,MISS,Q1:Z1,12.650728225708008,generador_respuestas,Q1-Z1-1780529832046-8278,0
2026-06-03T23:38:18.874908,MISS,Q5:Z2:conf=0.18,18.332242965698242,generador_respuestas,,0
2026-06-03T23:38:18.888685,MISS,Q5:Z2,34.25765037536621,generador_respuestas,Q5-Z2-1780529832159-941,0
2026-06-03T23:38:19.400027,RETRY,Q2:Z2,0.03743171691894531,retry,Q2-Z2-1780529832730-3895,1
2026-06-03T23:38:19.421926,MISS,Q2:Z2:conf=0.68,17.239809036254883,generador_respuestas,,0
2026-06-03T23:38:19.431609,MISS,Q2:Z2,31.978607177734375,generador_respuestas,Q2-Z2-1780529832730-3895,1
2026-06-03T23:38:19.911545,RETRY,Q1:Z1,0.024557113647460938,retry,Q1-Z1-1780529832844-1948,1
2026-06-03T23:38:19.932141,MISS,Q1:Z1:conf=0.09,15.3961181640625,generador_respuestas,,0
2026-06-03T23:38:19.941172,MISS,Q1:Z1,28.51700782775879,generador_respuestas,Q1-Z1-1780529832844-1948,1
2026-06-03T23:38:20.422917,RETRY,Q5:Z1,0.038623809814453125,retry,Q5-Z1-1780529833074-6768,1
2026-06-03T23:38:20.432476,HIT,Q5:Z1:conf=0.01,1.9943714141845703,cache,,0
2026-06-03T23:38:20.450318,HIT,Q5:Z1,25.010347366333008,cache,Q5-Z1-1780529833074-6768,1
2026-06-03T23:38:20.467981,MISS,Q4:Z2:conf=0.79,32.91916847229004,generador_respuestas,,0
2026-06-03T23:38:20.477927,MISS,Q4:Z2,48.01487922668457,generador_respuestas,Q4-Z2-1780529833304-849,0
2026-06-03T23:38:20.988573,RETRY,Q2:Z3,0.04410743713378906,retry,Q2-Z3-1780529833765-7764,1
2026-06-03T23:38:21.012303,MISS,Q2:Z3:conf=0.07,19.356966018676758,generador_respuestas,,0
2026-06-03T23:38:21.028638,MISS,Q2:Z3,36.4232063293457,generador_respuestas,Q2-Z3-1780529833765-7764,1
